{
    "video": true,
    "ignoreTestFiles": ["*.js", "*.md", "*.ts"],
    "defaultCommandTimeout": 30000,
    "pageLoadTimeout": 100000,
    "viewportHeight": 1000,
    "viewportWidth": 1860,
    "component": {
        "viewportHeight": 500,
        "viewportWidth": 500
    },
    "baseUrl": "https://qa.smartpath.toyota.com/",

    "env":{
        "smartpathBaseUrl":"https://qa.smartpath.toyota.com/",
        "dealerBaseApiURL":"https://mobile-api.rti.qa.toyota.com/retail/configurator"
    }

}