<?xml version="1.0"?>
<Environment><Variable><Name>TestEnv</Name><Value>qa01</Value></Variable><Variable><Name>TestSuite</Name><Value>apply</Value></Variable><Variable><Name>TestType</Name><Value>regression</Value></Variable><Variable><Name>TestDTFolder</Name><Value>C:\TestAutomation\QTP\DataTables\</Value></Variable><Variable><Name>TestdataXLS</Name><Value>applyqa01</Value></Variable><Variable><Name>QCTestID</Name><Value>228612</Value></Variable><Variable><Name>TestScn</Name><Value>apply</Value></Variable></Environment>
